{
  "variants": {
    "disarmed=false,attached=true,east=false,north=false,south=false,west=false": {
      "model": "minecraft:block/tripwire_attached_ns"
    },
    "disarmed=false,attached=true,east=false,north=false,south=false,west=true": {
      "model": "minecraft:block/tripwire_attached_n",
      "y": 270
    },
    "disarmed=false,attached=true,east=false,north=false,south=true,west=false": {
      "model": "minecraft:block/tripwire_attached_n",
      "y": 180
    },
    "disarmed=false,attached=true,east=false,north=false,south=true,west=true": {
      "model": "minecraft:block/tripwire_attached_ne",
      "y": 180
    },
    "disarmed=false,attached=true,east=false,north=true,south=false,west=false": {
      "model": "minecraft:block/tripwire_attached_n"
    },
    "disarmed=false,attached=true,east=false,north=true,south=false,west=true": {
      "model": "minecraft:block/tripwire_attached_ne",
      "y": 270
    },
    "disarmed=false,attached=true,east=false,north=true,south=true,west=false": {
      "model": "minecraft:block/tripwire_attached_ns"
    },
    "disarmed=false,attached=true,east=false,north=true,south=true,west=true": {
      "model": "minecraft:block/tripwire_attached_nse",
      "y": 180
    },
    "disarmed=false,attached=true,east=true,north=false,south=false,west=false": {
      "model": "minecraft:block/tripwire_attached_n",
      "y": 90
    },
    "disarmed=false,attached=true,east=true,north=false,south=false,west=true": {
      "model": "minecraft:block/tripwire_attached_ns",
      "y": 90
    },
    "disarmed=false,attached=true,east=true,north=false,south=true,west=false": {
      "model": "minecraft:block/tripwire_attached_ne",
      "y": 90
    },
    "disarmed=false,attached=true,east=true,north=false,south=true,west=true": {
      "model": "minecraft:block/tripwire_attached_nse",
      "y": 90
    },
    "disarmed=false,attached=true,east=true,north=true,south=false,west=false": {
      "model": "minecraft:block/tripwire_attached_ne"
    },
    "disarmed=false,attached=true,east=true,north=true,south=false,west=true": {
      "model": "minecraft:block/tripwire_attached_nse",
      "y": 270
    },
    "disarmed=false,attached=true,east=true,north=true,south=true,west=false": {
      "model": "minecraft:block/tripwire_attached_nse"
    },
    "disarmed=false,attached=true,east=true,north=true,south=true,west=true": {
      "model": "minecraft:block/tripwire_attached_nsew"
    },
    "disarmed=true,attached=true,east=false,north=false,south=false,west=false": {
      "model": "minecraft:block/tripwire_disarmed_ns"
    },
    "disarmed=true,attached=true,east=false,north=false,south=false,west=true": {
      "model": "minecraft:block/tripwire_disarmed_n",
      "y": 270
    },
    "disarmed=true,attached=true,east=false,north=false,south=true,west=false": {
      "model": "minecraft:block/tripwire_disarmed_n",
      "y": 180
    },
    "disarmed=true,attached=true,east=false,north=false,south=true,west=true": {
      "model": "minecraft:block/tripwire_disarmed_ne",
      "y": 180
    },
    "disarmed=true,attached=true,east=false,north=true,south=false,west=false": {
      "model": "minecraft:block/tripwire_disarmed_n"
    },
    "disarmed=true,attached=true,east=false,north=true,south=false,west=true": {
      "model": "minecraft:block/tripwire_disarmed_ne",
      "y": 270
    },
    "disarmed=true,attached=true,east=false,north=true,south=true,west=false": {
      "model": "minecraft:block/tripwire_disarmed_ns"
    },
    "disarmed=true,attached=true,east=false,north=true,south=true,west=true": {
      "model": "minecraft:block/tripwire_disarmed_nse",
      "y": 180
    },
    "disarmed=true,attached=true,east=true,north=false,south=false,west=false": {
      "model": "minecraft:block/tripwire_disarmed_n",
      "y": 90
    },
    "disarmed=true,attached=true,east=true,north=false,south=false,west=true": {
      "model": "minecraft:block/tripwire_disarmed_ns",
      "y": 90
    },
    "disarmed=true,attached=true,east=true,north=false,south=true,west=false": {
      "model": "minecraft:block/tripwire_disarmed_ne",
      "y": 90
    },
    "disarmed=true,attached=true,east=true,north=false,south=true,west=true": {
      "model": "minecraft:block/tripwire_disarmed_nse",
      "y": 90
    },
    "disarmed=true,attached=true,east=true,north=true,south=false,west=false": {
      "model": "minecraft:block/tripwire_disarmed_ne"
    },
    "disarmed=true,attached=true,east=true,north=true,south=false,west=true": {
      "model": "minecraft:block/tripwire_disarmed_nse",
      "y": 270
    },
    "disarmed=true,attached=true,east=true,north=true,south=true,west=false": {
      "model": "minecraft:block/tripwire_disarmed_nse"
    },
    "disarmed=true,attached=true,east=true,north=true,south=true,west=true": {
      "model": "minecraft:block/tripwire_disarmed_nsew"
    }
    
  }
}